PROTEIN,LIGAND,MODE,BINDING ENERGY,RMSD LB, RMSD UB
acpM.pdbqt,Abietane.pdbqt,1,-6.1,0.000,0.000
acpM.pdbqt,Abietane.pdbqt,2,-5.6,1.542,3.484
acpM.pdbqt,Abietane.pdbqt,3,-5.6,10.960,16.077
acpM.pdbqt,Abietane.pdbqt,4,-5.4,22.752,25.162
acpM.pdbqt,Abietane.pdbqt,5,-5.4,1.278,2.234
acpM.pdbqt,Abietane.pdbqt,6,-5.3,14.704,18.161
acpM.pdbqt,Abietane.pdbqt,7,-5.3,1.703,6.498
acpM.pdbqt,Abietane.pdbqt,8,-5.3,22.752,25.019
acpM.pdbqt,Abietane.pdbqt,9,-5.3,1.737,6.364
acpM.pdbqt,Alizarin.pdbqt,1,-6.1,0.000,0.000
acpM.pdbqt,Alizarin.pdbqt,2,-6.0,15.635,17.711
acpM.pdbqt,Alizarin.pdbqt,3,-5.9,1.714,5.045
acpM.pdbqt,Alizarin.pdbqt,4,-5.9,22.068,23.604
acpM.pdbqt,Alizarin.pdbqt,5,-5.7,2.413,5.182
acpM.pdbqt,Alizarin.pdbqt,6,-5.6,0.973,2.931
acpM.pdbqt,Alizarin.pdbqt,7,-5.6,22.592,23.815
acpM.pdbqt,Alizarin.pdbqt,8,-5.6,1.331,5.835
acpM.pdbqt,Alizarin.pdbqt,9,-5.5,2.116,3.872
acpM.pdbqt,Barbaloin.pdbqt,1,-6.0,0.000,0.000
acpM.pdbqt,Barbaloin.pdbqt,2,-5.5,14.935,17.602
acpM.pdbqt,Barbaloin.pdbqt,3,-5.5,15.491,18.838
acpM.pdbqt,Barbaloin.pdbqt,4,-5.4,1.828,5.843
acpM.pdbqt,Barbaloin.pdbqt,5,-5.4,20.425,23.132
acpM.pdbqt,Barbaloin.pdbqt,6,-5.4,13.861,17.448
acpM.pdbqt,Barbaloin.pdbqt,7,-5.3,17.346,20.040
acpM.pdbqt,Barbaloin.pdbqt,8,-5.1,13.412,17.858
acpM.pdbqt,Barbaloin.pdbqt,9,-5.1,14.848,18.164
acpM.pdbqt,Cineole.pdbqt,1,-4.2,0.000,0.000
acpM.pdbqt,Cineole.pdbqt,2,-4.2,0.849,3.177
acpM.pdbqt,Cineole.pdbqt,3,-4.2,1.650,3.266
acpM.pdbqt,Cineole.pdbqt,4,-4.2,1.385,2.973
acpM.pdbqt,Cineole.pdbqt,5,-4.1,1.589,3.414
acpM.pdbqt,Cineole.pdbqt,6,-4.0,11.109,12.639
acpM.pdbqt,Cineole.pdbqt,7,-3.9,21.563,23.111
acpM.pdbqt,Cineole.pdbqt,8,-3.8,21.863,23.397
acpM.pdbqt,Cineole.pdbqt,9,-3.6,21.858,23.379
acpM.pdbqt,Columbin.pdbqt,1,-6.7,0.000,0.000
acpM.pdbqt,Columbin.pdbqt,2,-6.6,2.244,4.956
acpM.pdbqt,Columbin.pdbqt,3,-6.4,13.543,16.125
acpM.pdbqt,Columbin.pdbqt,4,-6.2,2.023,6.617
acpM.pdbqt,Columbin.pdbqt,5,-6.0,2.503,6.457
acpM.pdbqt,Columbin.pdbqt,6,-5.8,2.660,3.613
acpM.pdbqt,Columbin.pdbqt,7,-5.7,13.550,16.900
acpM.pdbqt,Columbin.pdbqt,8,-5.7,14.109,17.024
acpM.pdbqt,Columbin.pdbqt,9,-5.7,22.323,24.161
aroF1.pdbqt,Abietane.pdbqt,1,-7.0,0.000,0.000
aroF1.pdbqt,Abietane.pdbqt,2,-7.0,1.423,6.414
aroF1.pdbqt,Abietane.pdbqt,3,-6.8,12.083,14.248
aroF1.pdbqt,Abietane.pdbqt,4,-6.8,29.400,32.832
aroF1.pdbqt,Abietane.pdbqt,5,-6.7,12.336,14.754
aroF1.pdbqt,Abietane.pdbqt,6,-6.7,25.755,31.011
aroF1.pdbqt,Abietane.pdbqt,7,-6.6,1.683,2.248
aroF1.pdbqt,Abietane.pdbqt,8,-6.5,38.929,40.472
aroF1.pdbqt,Abietane.pdbqt,9,-6.5,2.044,7.243
aroF1.pdbqt,Alizarin.pdbqt,1,-7.4,0.000,0.000
aroF1.pdbqt,Alizarin.pdbqt,2,-7.4,0.950,2.979
aroF1.pdbqt,Alizarin.pdbqt,3,-7.3,33.280,36.124
aroF1.pdbqt,Alizarin.pdbqt,4,-7.2,11.878,12.696
aroF1.pdbqt,Alizarin.pdbqt,5,-6.9,1.531,3.273
aroF1.pdbqt,Alizarin.pdbqt,6,-6.6,26.106,28.404
aroF1.pdbqt,Alizarin.pdbqt,7,-6.6,41.023,43.188
aroF1.pdbqt,Alizarin.pdbqt,8,-6.5,12.098,12.959
aroF1.pdbqt,Alizarin.pdbqt,9,-6.5,27.306,29.038
aroF1.pdbqt,Barbaloin.pdbqt,1,-7.9,0.000,0.000
aroF1.pdbqt,Barbaloin.pdbqt,2,-6.9,40.587,43.947
aroF1.pdbqt,Barbaloin.pdbqt,3,-6.9,13.541,15.504
aroF1.pdbqt,Barbaloin.pdbqt,4,-6.8,40.608,44.021
aroF1.pdbqt,Barbaloin.pdbqt,5,-6.8,2.615,6.150
aroF1.pdbqt,Barbaloin.pdbqt,6,-6.8,1.730,3.323
aroF1.pdbqt,Barbaloin.pdbqt,7,-6.7,23.819,27.075
aroF1.pdbqt,Barbaloin.pdbqt,8,-6.6,24.852,28.035
aroF1.pdbqt,Barbaloin.pdbqt,9,-6.6,2.333,5.942
aroF1.pdbqt,Cineole.pdbqt,1,-5.0,0.000,0.000
aroF1.pdbqt,Cineole.pdbqt,2,-4.9,1.182,2.056
aroF1.pdbqt,Cineole.pdbqt,3,-4.9,1.327,2.940
aroF1.pdbqt,Cineole.pdbqt,4,-4.9,0.992,3.319
aroF1.pdbqt,Cineole.pdbqt,5,-4.8,1.048,3.383
aroF1.pdbqt,Cineole.pdbqt,6,-4.6,1.399,3.015
aroF1.pdbqt,Cineole.pdbqt,7,-4.6,14.946,16.435
aroF1.pdbqt,Cineole.pdbqt,8,-4.5,1.687,2.427
aroF1.pdbqt,Cineole.pdbqt,9,-4.4,16.875,18.496
aroF1.pdbqt,Columbin.pdbqt,1,-7.6,0.000,0.000
aroF1.pdbqt,Columbin.pdbqt,2,-7.3,23.518,26.259
aroF1.pdbqt,Columbin.pdbqt,3,-7.3,25.128,28.019
aroF1.pdbqt,Columbin.pdbqt,4,-7.2,1.622,2.357
aroF1.pdbqt,Columbin.pdbqt,5,-7.2,22.280,25.254
aroF1.pdbqt,Columbin.pdbqt,6,-7.1,22.256,25.320
aroF1.pdbqt,Columbin.pdbqt,7,-7.1,23.739,26.803
aroF1.pdbqt,Columbin.pdbqt,8,-7.0,17.300,20.611
aroF1.pdbqt,Columbin.pdbqt,9,-6.9,26.056,29.316
ask1.pdbqt,Abietane.pdbqt,1,-7.0,0.000,0.000
ask1.pdbqt,Abietane.pdbqt,2,-7.0,28.274,29.917
ask1.pdbqt,Abietane.pdbqt,3,-7.0,8.187,12.219
ask1.pdbqt,Abietane.pdbqt,4,-6.8,1.624,6.645
ask1.pdbqt,Abietane.pdbqt,5,-6.8,24.129,26.012
ask1.pdbqt,Abietane.pdbqt,6,-6.6,30.130,32.342
ask1.pdbqt,Abietane.pdbqt,7,-6.4,30.095,33.518
ask1.pdbqt,Abietane.pdbqt,8,-6.3,7.970,12.010
ask1.pdbqt,Abietane.pdbqt,9,-6.2,31.620,33.823
ask1.pdbqt,Alizarin.pdbqt,1,-7.2,0.000,0.000
ask1.pdbqt,Alizarin.pdbqt,2,-6.9,13.457,14.028
ask1.pdbqt,Alizarin.pdbqt,3,-6.8,15.421,18.177
ask1.pdbqt,Alizarin.pdbqt,4,-6.8,10.815,13.131
ask1.pdbqt,Alizarin.pdbqt,5,-6.6,18.993,20.275
ask1.pdbqt,Alizarin.pdbqt,6,-6.6,15.326,18.200
ask1.pdbqt,Alizarin.pdbqt,7,-6.6,2.480,5.461
ask1.pdbqt,Alizarin.pdbqt,8,-6.6,23.968,24.794
ask1.pdbqt,Alizarin.pdbqt,9,-6.5,10.968,12.909
ask1.pdbqt,Barbaloin.pdbqt,1,-7.7,0.000,0.000
ask1.pdbqt,Barbaloin.pdbqt,2,-7.4,1.979,5.167
ask1.pdbqt,Barbaloin.pdbqt,3,-7.2,3.520,5.606
ask1.pdbqt,Barbaloin.pdbqt,4,-7.2,2.728,6.314
ask1.pdbqt,Barbaloin.pdbqt,5,-7.1,1.550,2.122
ask1.pdbqt,Barbaloin.pdbqt,6,-7.0,4.888,7.611
ask1.pdbqt,Barbaloin.pdbqt,7,-6.9,11.514,14.695
ask1.pdbqt,Barbaloin.pdbqt,8,-6.9,1.762,5.466
ask1.pdbqt,Barbaloin.pdbqt,9,-6.8,2.353,6.848
ask1.pdbqt,Cineole.pdbqt,1,-5.3,0.000,0.000
ask1.pdbqt,Cineole.pdbqt,2,-5.2,1.354,2.998
ask1.pdbqt,Cineole.pdbqt,3,-5.2,1.446,2.481
ask1.pdbqt,Cineole.pdbqt,4,-5.1,1.145,2.471
ask1.pdbqt,Cineole.pdbqt,5,-5.0,1.407,3.446
ask1.pdbqt,Cineole.pdbqt,6,-4.9,24.116,25.735
ask1.pdbqt,Cineole.pdbqt,7,-4.9,17.252,18.579
ask1.pdbqt,Cineole.pdbqt,8,-4.7,24.568,26.261
ask1.pdbqt,Cineole.pdbqt,9,-4.7,16.597,17.988
ask1.pdbqt,Columbin.pdbqt,1,-8.1,0.000,0.000
ask1.pdbqt,Columbin.pdbqt,2,-8.1,20.195,22.764
ask1.pdbqt,Columbin.pdbqt,3,-8.1,19.745,23.084
ask1.pdbqt,Columbin.pdbqt,4,-7.5,12.305,14.959
ask1.pdbqt,Columbin.pdbqt,5,-7.5,26.666,29.075
ask1.pdbqt,Columbin.pdbqt,6,-7.5,26.219,28.066
ask1.pdbqt,Columbin.pdbqt,7,-7.4,2.145,6.705
ask1.pdbqt,Columbin.pdbqt,8,-7.3,20.980,23.928
ask1.pdbqt,Columbin.pdbqt,9,-7.0,20.202,23.507
atpE1.pdbqt,Abietane.pdbqt,1,-6.6,0.000,0.000
atpE1.pdbqt,Abietane.pdbqt,2,-5.9,10.687,13.005
atpE1.pdbqt,Abietane.pdbqt,3,-5.8,3.171,6.238
atpE1.pdbqt,Abietane.pdbqt,4,-5.7,11.197,13.202
atpE1.pdbqt,Abietane.pdbqt,5,-5.7,18.729,21.135
atpE1.pdbqt,Abietane.pdbqt,6,-5.6,10.686,13.272
atpE1.pdbqt,Abietane.pdbqt,7,-5.5,3.631,6.339
atpE1.pdbqt,Abietane.pdbqt,8,-5.5,18.826,20.648
atpE1.pdbqt,Abietane.pdbqt,9,-5.5,12.962,14.480
atpE1.pdbqt,Alizarin.pdbqt,1,-6.0,0.000,0.000
atpE1.pdbqt,Alizarin.pdbqt,2,-5.8,2.039,3.214
atpE1.pdbqt,Alizarin.pdbqt,3,-5.7,1.238,1.454
atpE1.pdbqt,Alizarin.pdbqt,4,-5.6,1.584,4.968
atpE1.pdbqt,Alizarin.pdbqt,5,-5.6,1.507,3.467
atpE1.pdbqt,Alizarin.pdbqt,6,-5.6,3.094,5.397
atpE1.pdbqt,Alizarin.pdbqt,7,-5.6,2.850,4.468
atpE1.pdbqt,Alizarin.pdbqt,8,-5.4,3.690,5.540
atpE1.pdbqt,Alizarin.pdbqt,9,-5.3,1.741,5.069
atpE1.pdbqt,Barbaloin.pdbqt,1,-5.5,0.000,0.000
atpE1.pdbqt,Barbaloin.pdbqt,2,-5.5,16.950,19.282
atpE1.pdbqt,Barbaloin.pdbqt,3,-5.5,2.011,5.544
atpE1.pdbqt,Barbaloin.pdbqt,4,-5.4,2.418,5.945
atpE1.pdbqt,Barbaloin.pdbqt,5,-5.4,2.650,6.623
atpE1.pdbqt,Barbaloin.pdbqt,6,-5.3,2.392,3.894
atpE1.pdbqt,Barbaloin.pdbqt,7,-5.3,1.837,5.076
atpE1.pdbqt,Barbaloin.pdbqt,8,-5.3,10.175,14.287
atpE1.pdbqt,Barbaloin.pdbqt,9,-5.1,3.172,4.889
atpE1.pdbqt,Cineole.pdbqt,1,-4.3,0.000,0.000
atpE1.pdbqt,Cineole.pdbqt,2,-4.0,1.492,3.072
atpE1.pdbqt,Cineole.pdbqt,3,-4.0,11.328,12.769
atpE1.pdbqt,Cineole.pdbqt,4,-3.9,15.784,17.192
atpE1.pdbqt,Cineole.pdbqt,5,-3.8,11.184,12.795
atpE1.pdbqt,Cineole.pdbqt,6,-3.7,16.024,17.597
atpE1.pdbqt,Cineole.pdbqt,7,-3.6,2.371,4.064
atpE1.pdbqt,Cineole.pdbqt,8,-3.6,1.119,3.432
atpE1.pdbqt,Cineole.pdbqt,9,-3.3,11.288,13.505
atpE1.pdbqt,Columbin.pdbqt,1,-6.0,0.000,0.000
atpE1.pdbqt,Columbin.pdbqt,2,-6.0,2.939,7.977
atpE1.pdbqt,Columbin.pdbqt,3,-5.7,2.203,6.883
atpE1.pdbqt,Columbin.pdbqt,4,-5.6,2.921,7.565
atpE1.pdbqt,Columbin.pdbqt,5,-5.4,2.475,6.427
atpE1.pdbqt,Columbin.pdbqt,6,-5.4,11.922,14.615
atpE1.pdbqt,Columbin.pdbqt,7,-5.4,1.888,6.505
atpE1.pdbqt,Columbin.pdbqt,8,-5.4,3.230,7.171
atpE1.pdbqt,Columbin.pdbqt,9,-5.3,11.986,13.610
